id,name,company,position,location,gov_id
1,"John Doe","TechCorp","Engineer","Delhi",123456789
2,"Jane Smith","TechCorp","Manager","Sydney",987654321
3,"Rajesh Kumar","FinanceLLC","Analyst","London",456789123
4,"Alice Brown","MarketSolutions","Director","London",321654987
5,"Anjali Sharma","TechCorp","Developer","San Francisco",654321987
6,"Emily Green","MarketSolutions","Designer","New York",789123456
7,"David Black","FinanceLLC","CTO","New York",159753456
8,"Susan Blue","TechCorp","HR","Sydney",753159852
9,"Michael Red","MarketSolutions","Sales","San Francisco",951753456
10,"Sunita Patel","FinanceLLC","Sales","Delhi",852456963